FileNum, PSNR, SSIM 
0000, 17.878690108360416, 0.8344350829526644 
0001, 21.59557509230443, 0.8834960578642638 
0002, 16.603002669516158, 0.8496955456627896 
0003, 17.8360519446062, 0.8295570465038672 
0004, 20.12181321163439, 0.8662398475920586 
0005, 18.194518631953066, 0.7995303223222621 
0006, 16.4984265990322, 0.8111565177402132 
0007, 23.5050263847656, 0.9104666858463436 
0008, 17.591566359417364, 0.8329997841013372 
0009, 19.060716641318642, 0.8591908938207368 
0010, 22.07910354874718, 0.8866084474045043 
0011, 20.45300893759306, 0.8818924820674777 
0012, 17.7015236682268, 0.827172664432042 
0013, 18.36570103806065, 0.8622103997327316 
0014, 17.16619773634979, 0.8539049204557205 
0015, 17.877167378524312, 0.8632237883910596 
0016, 16.587053462301654, 0.8440441782548982 
0017, 15.320107362016063, 0.8616075409498363 
0018, 20.5756155719601, 0.8537165773449815 
0019, 20.97909295938503, 0.8629683795182183 
0020, 19.41865417486377, 0.8481778623912307 
0021, 18.259771986406335, 0.8296476402999171 
0022, 18.413732522190568, 0.7936429877373051 
0023, 16.910153849699658, 0.8092644329857617 
0024, 18.351321904378512, 0.7712454596706491 
0025, 18.984036749005526, 0.8575046679068742 
0026, 19.35653765817254, 0.8556785815126192 
0027, 17.546109688990967, 0.7913513872804686 
0028, 16.17749866780861, 0.6052780012565765 
0029, 16.012460819080914, 0.6844535248053036 
0030, 13.750973205939193, 0.7106786707941093 
0031, 16.04466859100882, 0.6848418094639402 
0032, 20.048777771718733, 0.8523234500989907 
0033, 19.02783938537403, 0.8649608685798108 
0034, 17.09322403823218, 0.7820037125597074 
0035, 14.47869931762817, 0.7442396528643158 
0036, 21.762992800608792, 0.8898877188265933 
0037, 16.466147564301014, 0.8136462044477596 
0038, 14.623051628038471, 0.6602806485733153 
0039, 14.80035880639228, 0.7213100226971539 
0040, 20.320434441898513, 0.8616718464102394 
0041, 26.358080448869018, 0.9491769536807673 
0042, 19.482500399525172, 0.8350461731520721 
0043, 22.06002405768228, 0.9331732136101277 
0044, 16.749215211897504, 0.837310283083824 
0045, 23.278995360238515, 0.9224327380347696 
0046, 21.348594889165504, 0.8702889773596643 
0047, 23.081375680273748, 0.9117938968704821 
0048, 23.515621281364293, 0.9123548577511754 
0049, 18.698074693507994, 0.8224078328989366 
0050, 16.73189700116596, 0.7564473913632447 
0051, 21.09832367543682, 0.8279755357217136 
0052, 16.69140366967455, 0.7707198429948247 
0053, 20.04425196500288, 0.8094003661278445 
0054, 19.99675525703465, 0.8297574168260832 
0055, 14.201616262629287, 0.811006890707748 
0056, 17.734212318931057, 0.7198954603139706 
0057, 12.058203524822906, 0.6417775221346496 
0058, 12.08576075941421, 0.6267795361213603 
0059, 13.397153738679794, 0.643118862274217 
0060, 15.527016960361122, 0.5893351163186701 
0061, 12.912243193741448, 0.5504671090189807 
0062, 9.81444224717647, 0.5009213820539036 
0063, 17.419447875935855, 0.8438628123991734 
0064, 15.897813886315621, 0.8427052377802537 
0065, 14.663831477750362, 0.80917193730313 
0066, 17.170185747458817, 0.786434276492895 
0067, 19.07840549750797, 0.8298597054501936 
0068, 16.14285136726557, 0.7968472576847111 
0069, 18.2345327379848, 0.8201552587837746 
0070, 17.349391868459858, 0.7958218190816114 
0071, 17.205848076262342, 0.7717018867584281 
0072, 16.777848031060923, 0.8555445521844943 
0073, 15.029596915280695, 0.7219777273613847 
0074, 10.77338739039962, 0.39891218381361754 
0075, 13.013047773917368, 0.7278192049305302 
0076, 9.638924043091494, 0.5395046575682918 
0077, 12.422558527564433, 0.7058606743163551 
0078, 18.177576512149447, 0.7407392664322389 
0079, 15.053639988594757, 0.7013672914135126 
0080, 19.863446926263546, 0.8264520799165475 
0081, 12.307745158194054, 0.6999315575349723 
0082, 17.585237819957158, 0.7290467941489075 
0083, 13.752595176493976, 0.7355692239445952 
0084, 10.703768708842684, 0.6564870478084485 
0085, 17.229526888215595, 0.8519945743997309 
0086, 16.59700591109618, 0.8292597670547933 
0087, 13.734024776832692, 0.8030887108499899 
0088, 18.070856107987197, 0.8490393922738212 
0089, 18.881891259846725, 0.8551241752400124 
0090, 18.064971520044192, 0.8182290775934676 
0091, 14.808574088905296, 0.7794182396402111 
0092, 17.18524073033006, 0.8558821449847671 
0093, 16.145719160001814, 0.7691683587965586 
0094, 17.74851051240168, 0.8131056615211949 
0095, 17.538179285846198, 0.8577950731497991 
0096, 21.479333300123685, 0.8848803890985115 
0097, 20.119896194147536, 0.883851272480563 
0098, 20.321801600836235, 0.8788243383953248 
0099, 22.078516914294024, 0.9234347954249866 
0100, 22.914463283082238, 0.9133753998763191 
0101, 14.573588566789052, 0.8014742065568475 
0102, 17.002498269097046, 0.8457573882776148 
0103, 16.129093525358783, 0.8531787597545915 
0104, 15.509430026389142, 0.8252259380389136 
0105, 18.013465856661462, 0.8727012343168713 
0106, 16.246083372389624, 0.8213993040968742 
0107, 16.077436737223774, 0.8159488899178964 
0108, 14.934886570741723, 0.7619706463153185 
0109, 15.468714469705038, 0.7603926273743905 
0110, 15.000775536763006, 0.7604139867201297 
0111, 16.382923630544482, 0.8023954009356027 
0112, 15.313086307845953, 0.7550146934723752 
0113, 13.014843041524074, 0.7305886940683205 
0114, 18.256268922342397, 0.845385024576594 
0115, 19.29078729816152, 0.8440386187586192 
0116, 16.320516286151175, 0.7820339892818843 
0117, 17.073267070004967, 0.8312699670518695 
0118, 14.7201369584723, 0.7478189238437146 
0119, 19.04805514461163, 0.787192229978074 
0120, 24.265886798776464, 0.9142379374219959 
0121, 14.944421391110998, 0.7005691799564872 
0122, 15.769402756768596, 0.7765860450277019 
0123, 13.737330505535319, 0.717389262075706 
0124, 17.358413601180757, 0.8469451465550052 
0125, 16.72560753836298, 0.8766446919683611 
0126, 19.330045458945744, 0.8521500282262267 
0127, 20.060186091033444, 0.8787403955487347 
0128, 19.50463778332601, 0.8887302787635315 
0129, 18.07798190274557, 0.8303308452875325 
0130, 12.714669305395939, 0.785935128157758 
0131, 20.498697619627375, 0.8818427911867252 
0132, 20.42759837297913, 0.8769124647022095 
0133, 20.58566860824574, 0.8938138148026774 
0134, 15.928193402571944, 0.8418055191797985 
0135, 22.03661974920434, 0.9112479786431168 
0136, 21.903272388771697, 0.8555749832659632 
0137, 15.816947998009239, 0.7716871756919911 
0138, 15.7699709739869, 0.8143756651107629 
0139, 20.013422413944177, 0.8517681939728882 
0140, 20.28248241599251, 0.8053059519561186 
0141, 14.769608091121311, 0.8014824419522738 
0142, 21.216726671064162, 0.8844188783810599 
0143, 19.575362329265666, 0.8544115337422172 
0144, 18.144612812519124, 0.7725152688697684 
0145, 15.60696940630756, 0.5543997761758107 
0146, 13.276734050654637, 0.6232205252753171 
0147, 11.345081973361054, 0.60939348772756 
0148, 8.672898890400184, 0.4914084613462843 
0149, 22.822753540521585, 0.8444594318901961 
0150, 20.725471709739402, 0.7761874595809034 
0151, 17.91091238284348, 0.5606487861042821 
0152, 10.728900254671212, 0.4177861830423941 
0153, 18.425008471420178, 0.532684881957123 
0154, 14.734943247286019, 0.4813417747030541 
0155, 18.35967490561499, 0.8066469171620977 
0156, 18.559154564202302, 0.6963008567358203 
0157, 18.24823554984571, 0.725343051797514 
0158, 16.238454364042823, 0.7829505726594469 
0159, 11.729158570379465, 0.6213151646336709 
0160, 17.66575176057897, 0.7414892759703385 
0161, 12.05894367916384, 0.7095185392682732 
0162, 11.656680760778908, 0.643416750036989 
0163, 21.28856579276817, 0.8037410808106836 
0164, 21.297257524506538, 0.8231965226004387 
0165, 22.386261259491032, 0.897553065607518 
0166, 15.30904756255021, 0.5713471141171076 
0167, 20.46258255404018, 0.8380680741290956 
0168, 16.7847108458172, 0.7152753110334681 
0169, 20.017205341148298, 0.9149346624598866 
0170, 17.193250479131173, 0.8361535637641722 
0171, 17.415389346470278, 0.8226547095664118 
0172, 16.834678718971162, 0.78912232793641 
0173, 16.747012000862846, 0.7972792493403231 
0174, 18.34521358720489, 0.7827679990902379 
0175, 21.456389468526538, 0.8686260702080303 
0176, 13.955402881073997, 0.57581768480131 
0177, 17.0119460360475, 0.722224899174344 
0178, 19.51795254550187, 0.7526020659274059 
0179, 20.085839974543596, 0.869399722769213 
0180, 17.53038031711716, 0.7682640485414801 
0181, 17.487240688673747, 0.7735957436434102 
0182, 18.69144134035829, 0.8554427314623084 
0183, 14.847349692835055, 0.7681895088485993 
0184, 17.593876949791614, 0.7866051791526466 
0185, 19.26667365640745, 0.8088174089594117 
0186, 18.693706855115984, 0.7556600773477546 
0187, 17.71299339716562, 0.5783166812766979 
0188, 22.087659428506235, 0.8030610161139627 
0189, 20.539518505126466, 0.8504525111200572 
0190, 18.727555383497197, 0.6900324154156765 
0191, 20.06195097848974, 0.6681971309355932 
0192, 13.046456426973576, 0.5524626202395974 
0193, 21.230370218073055, 0.8922950266342641 
0194, 23.09511396620721, 0.9110852760122339 
0195, 15.975492534969693, 0.8005846208856245 
0196, 9.823985248857364, 0.6396607866604568 
0197, 16.197118738537032, 0.6641004033185467 
0198, 19.399911083810267, 0.8457958819863203 
0199, 19.758643393448203, 0.7502578780510526 
0200, 19.5593685241074, 0.8335440681617596 
0201, 16.718743980197907, 0.7078344732745459 
0202, 19.564468461604122, 0.8184091345361945 
0203, 12.489392155421253, 0.7279795807347701 
0204, 13.850782097950178, 0.7807595433766173 
0205, 16.003931102849386, 0.8156581744076846 
0206, 20.094212509705244, 0.8549832654207794 
0207, 11.963557456478851, 0.5616319761248981 
0208, 13.56559622422051, 0.6270592495372519 
0209, 18.981296603060194, 0.6952385007331531 
0210, 18.711319481625367, 0.7785749599050998 
0211, 16.739894060029716, 0.7510911410587982 
0212, 17.058040108646733, 0.7854392578530959 
0213, 17.161878147095486, 0.7749348084172952 
0214, 13.363265479538853, 0.655448415933905 
0215, 9.848909691285154, 0.46185489631802473 
0216, 16.928901071910047, 0.7925829972775321 
0217, 14.854327848654476, 0.7650876610365595 
0218, 17.892351532276265, 0.7834151654978937 
0219, 15.112687037023809, 0.7899725987199734 
0220, 18.075031174491034, 0.8870675580826516 
0221, 15.365505197841324, 0.8280680059825399 
0222, 15.073037531404891, 0.7587204900964032 
0223, 13.970618882855742, 0.7582181243676883 
0224, 13.090865364571174, 0.7262468753146291 
0225, 17.64242569781391, 0.8158694787504942 
0226, 19.402754716917357, 0.8797980128737929 
0227, 13.74651749756902, 0.7940318401981247 
0228, 16.304667175777247, 0.8139949730417166 
0229, 16.152397478435322, 0.8229890570705313 
0230, 16.060749546628898, 0.7900172915146585 
0231, 19.31241263966378, 0.8676924668225139 
0232, 14.93126034603765, 0.8004537405038517 
0233, 15.942568386171912, 0.7971930438632467 
0234, 13.958813410123698, 0.7535825670166769 
0235, 16.726721709758287, 0.8230113303444474 
0236, 18.95047158878442, 0.8625511483341909 
0237, 18.489997873273644, 0.8695376555695061 
0238, 15.703102529179162, 0.8344935655905884 
0239, 18.83500895974781, 0.8533441579269295 
0240, 18.00938984873798, 0.8231353572883822 
0241, 19.88909919995741, 0.874909563296658 
0242, 21.231099394374937, 0.8982108407972599 
0243, 21.2131937672427, 0.8657083242225116 
0244, 15.773290317316746, 0.7509383003004628 
0245, 17.405792652412416, 0.8117733772146402 
0246, 16.787657825726466, 0.8211470035132437 
0247, 18.17802402156743, 0.8246246672402383 
0248, 17.542390619679608, 0.7956875502161456 
0249, 15.940634236400637, 0.7727480030446293 
0250, 18.674225872730467, 0.8541663309364725 
0251, 18.676381560412544, 0.822572623012006 
0252, 17.64636652657757, 0.8258938228509632 
0253, 18.73347498285659, 0.8246728801563455 
0254, 15.654358124546103, 0.7271483350566434 
0255, 12.589507136244013, 0.6932897837920718 
0256, 14.599834298957955, 0.681306621925903 
0257, 17.91806162805906, 0.8389696042495989 
0258, 15.912349776830098, 0.6605882971298594 
0259, 16.193510174288843, 0.7487043356835578 
0260, 18.852297076588485, 0.838677910007796 
0261, 19.405637037578664, 0.8316211482194582 
0262, 14.655508098125162, 0.7356617134360081 
0263, 16.806721913901978, 0.6975320932188368 
0264, 16.000732532907985, 0.7912472390013813 
0265, 16.543436138969646, 0.8055837273207717 
0266, 16.736617422942906, 0.8654940282157814 
0267, 17.336606685894186, 0.7821358596043954 
0268, 19.33735042463285, 0.7876156076905337 
0269, 18.79986361834349, 0.7794027782910966 
0270, 15.28284275854469, 0.8225466413886026 
0271, 18.31429179086525, 0.8335302234360779 
0272, 13.560441997014728, 0.7625354885539531 
0273, 13.229319494841103, 0.7507235240348034 
0274, 15.259966660934019, 0.8035883305061411 
0275, 15.637123057292433, 0.7815734318284666 
0276, 17.764964200852432, 0.8260428455235083 
0277, 14.126073691202654, 0.7614269394659546 
0278, 18.063838800179486, 0.8136574627936328 
0279, 15.09445604025763, 0.6369180148265166 
0280, 16.008311491377473, 0.6637767070535746 
0281, 13.941500939871068, 0.7113610298938141 
0282, 19.475486811057117, 0.7015361712710155 
0283, 17.62562846289398, 0.854471815172058 
0284, 17.20421952685428, 0.8577164603601496 
0285, 15.25584091850829, 0.7902275675695632 
0286, 19.334916344041975, 0.865714326985811 
0287, 16.715501418024402, 0.8043948016022872 
0288, 18.42836363706333, 0.8400607187051973 
0289, 16.69417989509678, 0.8117705081358894 
0290, 16.254110944137572, 0.8244245638052062 
0291, 17.13275585817823, 0.8348703480057407 
0292, 17.991302366107842, 0.8118425852503716 
0293, 19.66723931991234, 0.8719712236864097 
0294, 17.763210218475148, 0.8961762494459435 
0295, 17.492285628227435, 0.8428721693506797 
0296, 17.860364321934266, 0.8183489969576229 
0297, 16.079901577248013, 0.8606590375273738 
0298, 17.368259192541554, 0.8397319577210559 
0299, 19.5315132487052, 0.882809255412956 
0300, 18.884482459783186, 0.8643711238411033 
0301, 15.253433029223302, 0.7910251710815878 
0302, 18.15506841693997, 0.8404230362351363 
0303, 18.907643454127086, 0.8467186752918555 
0304, 18.74183674418586, 0.8749955683738126 
0305, 18.457395313107078, 0.8457261884384257 
0306, 19.003939515215528, 0.8497816963847633 
0307, 18.92914100506684, 0.8569006293177032 
0308, 17.26608846629699, 0.8206353609282862 
0309, 15.774910967082542, 0.7988172651932942 
0310, 18.16892768319533, 0.899764374940418 
0311, 16.173664718595603, 0.8351515692822877 
0312, 13.73689333358292, 0.7958398882658698 
0313, 17.030737694460644, 0.8499998716702984 
0314, 14.996678595361567, 0.8320627756889144 
0315, 16.9381121481948, 0.8457675872717512 
0316, 14.63114224206086, 0.7945833326006891 
0317, 12.080886762477146, 0.7685900329096754 
0318, 15.034156498726794, 0.829411758519611 
0319, 17.253877806055236, 0.858686611530178 
0320, 17.469149590608907, 0.8182315505712827 
0321, 14.183066457523811, 0.8443456252747407 
0322, 19.859088654810154, 0.8839659465379618 
0323, 19.69275765734069, 0.8843233599171935 
0324, 15.480835740914763, 0.8194461575948259 
0325, 20.095967005943045, 0.8857667882807426 
0326, 20.46594783820817, 0.8789733617370749 
0327, 19.503543142667105, 0.8739679893364297 
0328, 18.331972252424194, 0.842312280340075 
0329, 16.072665339617703, 0.8208449195080864 
0330, 15.635246389291185, 0.786431986454866 
0331, 18.201807802371118, 0.8617117554344068 
0332, 16.978504725732158, 0.7289655834760315 
0333, 19.951234532413334, 0.8546821020898268 
0334, 20.501281431792478, 0.8653444487908732 
0335, 18.44897287432073, 0.8182883036803624 
0336, 18.440313057468874, 0.8338328738681892 
0337, 20.65941305874787, 0.8792631450048235 
0338, 16.331218470349476, 0.7945152629532629 
0339, 19.62658133412287, 0.8111840124866493 
0340, 18.672532846998756, 0.8585607047667004 
0341, 19.865195049826255, 0.891039214214462 
0342, 19.88259288774729, 0.8806403142546945 
0343, 16.73918085971649, 0.8372800202222866 
0344, 19.452414211397027, 0.8591882670858874 
0345, 16.239283774393158, 0.8121502290595964 
0346, 14.71734358733569, 0.7828795953315062 
0347, 17.188351248994913, 0.84339254627967 
0348, 19.05085033633045, 0.8918851295937685 
0349, 21.557819431227088, 0.8660519695411026 
0350, 16.708252181894558, 0.8159642038381589 
0351, 14.582811506490692, 0.8073713972896356 
0352, 18.60111366891919, 0.7873375182849242 
0353, 17.157381628756497, 0.7558691000483662 
0354, 16.997510661903608, 0.7644599273460139 
0355, 15.39532034422648, 0.6671334252839815 
0356, 18.754503071392833, 0.78795192767909 
0357, 15.16925747096781, 0.6901335704335944 
0358, 17.11452933710826, 0.5879354593216566 
0359, 13.956293764050525, 0.5755733533391365 
0360, 10.876328376592161, 0.5089163964210405 
0361, 16.506761302173164, 0.5083718987044747 
0362, 9.97936150494403, 0.2726953669994207 
0363, 13.474527715498649, 0.5062683772319007 
0364, 11.731339750824613, 0.6321252899791157 
0365, 12.999003610925325, 0.6036354811140328 
0366, 8.561067711201192, 0.48873957765136194 
0367, 15.48650476575023, 0.7311668867955256 
0368, 17.57996715170493, 0.6869055405398514 
0369, 15.873418032168383, 0.5515745130324027 
0370, 14.323828034464817, 0.6294041835431604 
0371, 13.892592093982227, 0.7270816512278638 
0372, 14.901330696270366, 0.7673884348303606 
0373, 15.109070440251342, 0.7258792812780065 
0374, 16.181997046885076, 0.7975702721116531 
0375, 13.607236981380257, 0.6162539065569086 
0376, 20.780626538644086, 0.8936009843402912 
0377, 18.318593766775695, 0.8578553718954173 
0378, 20.29874206084985, 0.8651064049394336 
0379, 10.994418289000286, 0.4128494618298859 
0380, 12.175055674581897, 0.3948909539900074 
0381, 12.054166199136967, 0.46208292756139 
0382, 8.951557932390127, 0.33971455149062907 
0383, 9.214401139193235, 0.3189799475718659 
0384, 7.007506348096875, 0.21672999713422325 
0385, 7.911257488357579, 0.18549551448299928 
0386, 18.434645573766414, 0.8181410640069785 
0387, 17.79318820706129, 0.7834420708593951 
0388, 13.646900014824544, 0.5714149511546381 
0389, 17.353862969889175, 0.7938837834763065 
0390, 19.27185967074754, 0.7252009721250753 
0391, 13.796682558108813, 0.6042482208845722 
0392, 13.5030084017592, 0.5499264465600446 
0393, 13.940321391637509, 0.6139638359867835 
0394, 14.522226929943843, 0.664551464102118 
0395, 16.235077974378452, 0.7885374931432129 
0396, 17.146253931208438, 0.8069958480787003 
0397, 11.461566693239932, 0.680042103467477 
0398, 19.448122262983652, 0.8423172167878917 
0399, 15.579896524237364, 0.8160271684618595 
0400, 17.36160905098526, 0.812706804378478 
0401, 15.70344280228329, 0.7960333085301464 
0402, 19.61245113402496, 0.824311310451825 
0403, 21.568644721612948, 0.8616919307728673 
0404, 18.412878011815167, 0.8316004650409514 
0405, 22.06796008406013, 0.8247691056560217 
0406, 17.766286713116134, 0.7769919963284236 
0407, 20.515288007036418, 0.8359647054489812 
0408, 18.332819204855582, 0.8426194002890014 
0409, 19.847223511793555, 0.8389800475366617 
0410, 14.197934618488494, 0.7912363607102253 
0411, 19.178421848866215, 0.8702697183780469 
0412, 22.66842876216917, 0.9171458910991297 
0413, 19.078586536396354, 0.8592680246825425 
0414, 22.462901756149805, 0.9014723232482823 
0415, 15.956891228722883, 0.8602741828588373 
0416, 18.600019240219943, 0.8238550551624256 
0417, 16.5936060589306, 0.7660685728974697 
0418, 17.93605890701963, 0.7940337490489506 
0419, 18.44951663440988, 0.8321991080015052 
0420, 19.44460705708044, 0.829151223423592 
0421, 20.168287757071415, 0.8570602566639883 
0422, 18.050404571365753, 0.8275826456251609 
0423, 16.783846447539435, 0.7683707870403009 
0424, 16.7639430285441, 0.8217365837865578 
0425, 17.390754336720235, 0.7723460583618312 
0426, 19.585177196171035, 0.7682572101698429 
0427, 17.15001446029584, 0.7840526126269496 
0428, 16.92058765229031, 0.7981190795866828 
0429, 21.507619695390922, 0.8612331351132504 
0430, 19.708499189766062, 0.8380683502055079 
0431, 16.612252492834372, 0.8285337225240331 
0432, 23.039188186258958, 0.8913514049295049 
0433, 22.24606658898642, 0.8761105347318238 
0434, 15.837723540463903, 0.7417570763822607 
0435, 14.794350653065564, 0.6966550652054515 
0436, 18.377820019418625, 0.7768689349531467 
0437, 18.04672918214206, 0.713869188100389 
0438, 12.243865835971903, 0.5013763593213103 
0439, 12.217227218226707, 0.6006844833823592 
0440, 16.072961652661803, 0.6514106804730252 
0441, 22.54308089781619, 0.8992906605207297 
0442, 20.157327314746688, 0.8984020452735072 
0443, 20.593457104985564, 0.8333194374167904 
0444, 23.34176388820973, 0.8969017169554147 
0445, 21.962811114819022, 0.8785680934450643 
0446, 16.60180439813513, 0.8222157137691664 
0447, 13.745217306378692, 0.8037124420866467 
0448, 16.625228254239005, 0.828219717698925 
0449, 20.617230112021787, 0.8790605271516793 
0450, 23.352234176352333, 0.9189114823425895 
0451, 17.039498187619685, 0.8066422323586705 
0452, 15.7767426514927, 0.8319937154081911 
0453, 17.617789070628646, 0.8365426937893119 
0454, 20.038180776891284, 0.8618031644122611 
0455, 19.332001802501004, 0.867153205839513 
0456, 20.251006104945077, 0.8770586798549501 
0457, 21.592171650003117, 0.947279453467199 
0458, 16.029357448386396, 0.8670385615570786 
0459, 17.60510540139762, 0.83599652055852 
0460, 22.53387093555016, 0.9067535048005584 
0461, 20.969644355637982, 0.8989663652894638 
0462, 21.76105837768173, 0.8962372094813569 
0463, 19.834897959657496, 0.8844305894883595 
0464, 18.953918126390214, 0.8527876450875777 
0465, 21.42251282653738, 0.8885313852853427 
0466, 20.27193185243052, 0.8819761733846866 
0467, 21.477573098892986, 0.8896676188780778 
0468, 16.5169416652205, 0.7160413974998278 
0469, 14.436298692933743, 0.703318410331482 
0470, 15.471657227075555, 0.7652825193939704 
0471, 19.50181345109552, 0.754648516821887 
0472, 17.03326639654335, 0.7305440236045883 
0473, 11.976184935858738, 0.645393532552649 
0474, 11.31718974457457, 0.6022149550263113 
0475, 11.833863040648627, 0.6453482473009088 
0476, 12.939722750741755, 0.6555026916010104 
0477, 15.266746893394012, 0.7743159771275202 
0478, 17.58107967241411, 0.8162741751577675 
0479, 20.87864598190944, 0.8394876001468704 
0480, 20.632861176549003, 0.9016596022979821 
0481, 17.718742684629397, 0.6459962762715271 
0482, 11.039103143962885, 0.44397145543689315 
0483, 13.596187583991743, 0.48897630675050613 
0484, 9.14419548314581, 0.3411317643073642 
0485, 8.706139835023222, 0.2619215823035895 
0486, 21.31654587695825, 0.862792936759345 
0487, 21.223026519244943, 0.8672708058757429 
0488, 19.66525185226636, 0.8252239446099839 
0489, 15.875011718883396, 0.7529748211044435 
0490, 16.13493947591698, 0.8389638544438375 
0491, 14.363320288384537, 0.740644016443592 
0492, 20.439400566780023, 0.8602406905687882 
0493, 19.046680275187747, 0.8504206065322141 
0494, 13.958955185869929, 0.700338118035417 
0495, 15.93468131909707, 0.7571379255360734 
0496, 18.319612756924776, 0.7848581839233426 
0497, 19.731976370555806, 0.8455781892124744 
0498, 19.732131653272596, 0.8235043700283446 
0499, 19.738720568600144, 0.8395527732811204 
0500, 21.945562838138642, 0.8827341476100022 
0501, 20.479136077181053, 0.8230362113105499 
0502, 16.493251230952428, 0.7022745369070593 
0503, 19.897970575669284, 0.8807594340953079 
0504, 20.902240035785333, 0.8317572572931408 
0505, 19.196944582507903, 0.8514447674398676 
0506, 21.297630549779907, 0.9061374745783347 
0507, 17.048598182784986, 0.8151460099254438 
0508, 16.151550324759278, 0.7860746976958687 
0509, 18.271618150758528, 0.8489317564129176 
0510, 18.95728718805932, 0.8402759322797827 
0511, 17.85125283914409, 0.8627994446453294 
0512, 15.909059581753143, 0.8742029141139319 
0513, 14.389665677234413, 0.6560868223161002 
0514, 16.881881983059895, 0.739907535903053 
0515, 18.22051276772651, 0.6928627632799861 
0516, 11.858229427043774, 0.5378217233634546 
0517, 17.956692454758006, 0.8479964647468519 
0518, 13.98929587797587, 0.6669213083027322 
0519, 8.55234236858341, 0.37488085339804184 
0520, 12.659529447253398, 0.4923806795124663 
0521, 7.812689671593603, 0.4257270995796911 
0522, 16.15454849279245, 0.7713760351922702 
0523, 17.120396737952717, 0.7410729290350249 
0524, 19.03164997758454, 0.8067913737079123 
0525, 19.188048611008174, 0.8483678842087263 
0526, 19.227600465383127, 0.7523837584616765 
0527, 18.422047191979015, 0.7050757368812147 
0528, 16.90888229722703, 0.6900575731761345 
0529, 14.12902775157501, 0.6010967730478757 
0530, 15.287272817940622, 0.7039284707217531 
0531, 19.796438742183426, 0.8574960215540189 
0532, 18.930036424409053, 0.772444984164066 
0533, 16.18097976857914, 0.5958758073871057 
0534, 12.509290529656665, 0.5820209887201787 
0535, 9.491607740731686, 0.5140929504152358 
0536, 16.77835265743443, 0.7307611584057986 
0537, 16.646174751269747, 0.7359206600706552 
0538, 12.404191144821159, 0.590517598735358 
0539, 17.569987323161833, 0.6897123050358483 
0540, 18.48649431614128, 0.8198521036600662 
0541, 23.42686472374609, 0.909399787129043 
0542, 14.288107594591448, 0.5846438359228374 
0543, 14.045237840903877, 0.6772468107667592 
0544, 10.577661169776274, 0.6003202006550735 
0545, 14.522050691821967, 0.7333698675528186 
0546, 14.7950432193256, 0.7814620989837743 
0547, 15.015347133760555, 0.7367725109695759 
0548, 18.290209231921516, 0.7488923850225783 
0549, 13.40164223686103, 0.6938324499905463 
0550, 15.265312159298414, 0.7004043634689289 
0551, 16.792776946970104, 0.6949837933688471 
0552, 16.01037206951192, 0.7154043654943821 
0553, 17.09937285263174, 0.7563713360820081 
0554, 14.927337461663587, 0.6451000097649003 
0555, 15.661055234771485, 0.7129230490378559 
0556, 14.303043150965387, 0.5428764876516956 
0557, 18.520291156254117, 0.6191147533070789 
0558, 10.72525016979823, 0.6531413552066091 
0559, 8.809871114205238, 0.558604394779897 
0560, 18.95636083490427, 0.8511729164880077 
0561, 19.37973477981528, 0.8263589305700462 
0562, 23.770925867156368, 0.8846071539194028 
0563, 16.96890708890972, 0.8503922938040297 
0564, 15.061445808909156, 0.7784218835880651 
0565, 18.667227605766033, 0.8152514748127113 
0566, 18.53454380096962, 0.8596556693265698 
0567, 15.775642109727393, 0.7589529207693904 
0568, 18.64540516721265, 0.8326936290689235 
0569, 19.74456620846704, 0.849532846821582 
0570, 21.3330307076008, 0.8700075882704854 
0571, 12.640678245300688, 0.7227058628644952 
0572, 15.673526574346255, 0.8057978729122901 
0573, 16.275420259189445, 0.8183267220966074 
0574, 20.282043008470275, 0.8832083235660079 
0575, 17.34682852554029, 0.7467791948150854 
0576, 18.596936258730892, 0.7960793913047525 
0577, 18.079498295076252, 0.8525773132857166 
0578, 17.017628700674628, 0.7895836511172615 
0579, 14.774075772466997, 0.6693219690359479 
0580, 14.45532199734243, 0.6807047752580345 
0581, 18.205833037831873, 0.8065568648367636 
0582, 15.506502734359204, 0.7769299991287664 
0583, 16.63802652697714, 0.7360035145436674 
0584, 13.7451888207156, 0.5785507632296868 
0585, 17.51826255781651, 0.828904073894392 
0586, 19.087924372742325, 0.7912156331984054 
0587, 21.509977252465685, 0.8906795738816781 
0588, 19.109828360569843, 0.8396704858278908 
0589, 19.744498465163648, 0.8190703107788028 
0590, 19.32840619293714, 0.8408339315869746 
0591, 18.582152895644835, 0.8282374869515299 
0592, 16.670627371096703, 0.776176991747931 
0593, 17.31603129918308, 0.7964967875680045 
0594, 13.359241533521317, 0.4172344910182418 
0595, 10.727550923610309, 0.5177552909496248 
0596, 18.327839727611085, 0.7071209640284185 
0597, 16.413588665645456, 0.7483684032626675 
0598, 18.725368198457744, 0.7626724207403724 
0599, 16.357400631674935, 0.761612871536922 
0600, 15.928318684103948, 0.7542885886742178 
0601, 16.84866457157197, 0.7521193397614813 
0602, 9.587593603483167, 0.3479318063786117 
0603, 12.845661190839252, 0.5471244883122429 
0604, 9.207316975367535, 0.38311706945358665 
0605, 15.348317929905864, 0.6952658268309405 
0606, 10.116482032693932, 0.5500478815580557 
0607, 19.535047617297224, 0.840739801692599 
0608, 18.335298906897858, 0.789702043313886 
0609, 18.119462003935297, 0.7972443220266046 
0610, 16.31407398782555, 0.7346950899258009 
0611, 21.215655891405465, 0.8380056047225399 
0612, 19.83929198326096, 0.8252763871884191 
0613, 17.290441079587406, 0.756383241333063 
0614, 16.359671216597857, 0.781888499721718 
0615, 17.39661526195549, 0.8046688923561799 
0616, 18.87760608992812, 0.8095321740641976 
0617, 23.372000758070467, 0.9124021075554368 
0618, 20.44597499922673, 0.8213470574958815 
0619, 15.824537942154965, 0.7190766195123325 
0620, 17.344672988453244, 0.8106647021267753 
0621, 16.3835414800972, 0.8036131119680595 
0622, 21.19048171848131, 0.85167113061107 
0623, 17.80039746565109, 0.8223652686675852 
0624, 21.067604603448604, 0.8673452580427871 
0625, 24.206966618215912, 0.940671709517699 
0626, 19.50651250491144, 0.8786222434460607 
0627, 20.373680508293486, 0.8169732983803154 
0628, 19.05645867026116, 0.8432266002432017 
0629, 20.76107117677264, 0.8694779976592099 
0630, 19.99220657389032, 0.8611486498281756 
0631, 22.14210000343623, 0.9137445744596345 
0632, 24.36047813146375, 0.9140039855302468 
0633, 18.244904845222866, 0.8343480495322334 
0634, 21.54159912334623, 0.8939327962584414 
0635, 21.159373570525993, 0.9044692430117824 
0636, 16.942321712975716, 0.8267783036864783 
0637, 18.714038302821407, 0.8411988236732458 
0638, 18.321810167476585, 0.8028391882876362 
0639, 20.50717121787741, 0.8310307196930037 
0640, 20.61141059928177, 0.8627598157584665 
0641, 14.288458681283988, 0.8275960767159587 
0642, 18.980856960312067, 0.8501691260155494 
0643, 9.80594212493071, 0.22308258642948323 
0644, 9.069361746921391, 0.4244928911756943 
0645, 16.52215280146594, 0.757412776262913 
0646, 17.832266108379336, 0.6641067945535103 
0647, 16.841361655527525, 0.8699239619992415 
0648, 12.358100241645287, 0.7373099462498889 
0649, 19.55805607406881, 0.9143380181365366 
0650, 23.943457441767254, 0.9251841065194917 
0651, 17.61494098325722, 0.8573384170916015 
0652, 21.03813208528724, 0.9192026683134111 
0653, 25.274571092551916, 0.9480352881134754 
0654, 19.377616737008577, 0.9188202777662117 
0655, 23.323109806436797, 0.8677566495642447 
0656, 16.50322155105271, 0.8472532021192691 
0657, 17.92072950008491, 0.8396240364579027 
0658, 16.9039325970696, 0.8103007804791815 
0659, 14.299534833146241, 0.8592651866394778 
0660, 14.477406789783336, 0.7912113123096347 
0661, 17.714063765022527, 0.7845897222777235 
0662, 16.916194926301205, 0.8053825451547816 
0663, 17.051241810575107, 0.8588105862395551 
0664, 18.792026170619472, 0.8798529489302362 
0665, 16.599397606373124, 0.8512463350289267 
0666, 11.861760857557368, 0.7482212176039463 
0667, 19.020442524690502, 0.8741597623522609 
0668, 14.170503595084174, 0.8167325756292197 
0669, 14.64363876953948, 0.86805536518878 
0670, 14.235694263424739, 0.799991928450858 
0671, 14.739522835742102, 0.8099375893308167 
0672, 13.360902122951224, 0.7644535760379289 
0673, 18.013355925796045, 0.8061511401986451 
0674, 19.74948655625417, 0.814795595691857 
0675, 18.179346052504947, 0.7745080583503855 
0676, 16.04528973444087, 0.7615935187547653 
0677, 15.722936064777164, 0.7682848931111476 
0678, 17.098708534454726, 0.7621036824279623 
0679, 14.483066540603534, 0.833197090092562 
0680, 17.661567334693288, 0.8417364563450421 
0681, 15.615835452393208, 0.8054117941652938 
0682, 12.126306353140311, 0.7676840939183688 
0683, 16.754921348081552, 0.788031872488867 
0684, 18.40870599013401, 0.8586644665167956 
0685, 18.931890826246295, 0.7853951283780521 
0686, 19.873724360196615, 0.9042814566672875 
0687, 18.33719601003878, 0.8509018827354343 
0688, 20.379409511635785, 0.8829049665996358 
0689, 15.458352864625407, 0.8160925436584857 
0690, 20.77873846326229, 0.8796193961288147 
0691, 16.810580518340934, 0.8399151014871472 
0692, 15.314507071030977, 0.7263912710507437 
0693, 21.020022205337433, 0.868008791643348 
0694, 19.634509052533325, 0.8402733664248263 
0695, 15.177804867843946, 0.70438694495234 
0696, 17.592838584475885, 0.8854762126048001 
0697, 24.07768299186752, 0.8827748474621905 
0698, 14.392754053175434, 0.7635857144952373 
0699, 21.14203702943221, 0.9049069793127625 
0700, 18.64929461908444, 0.8828663926349832 
0701, 11.934417612538475, 0.7385644451414111 
0702, 22.184899337919415, 0.8848466691272581 
0703, 16.695768170333434, 0.8816817691727786 
0704, 14.67043724712449, 0.726283770612349 
0705, 16.0768587174096, 0.759408752748803 
0706, 15.526054070046861, 0.7002186915905567 
0707, 16.41429602220747, 0.7811584926062533 
0708, 13.366203004866826, 0.7519140799086905 
0709, 14.117303813661724, 0.793509902400208 
0710, 14.647949121263053, 0.8217393809756031 
0711, 17.47062791059715, 0.8371225682999296 
0712, 14.091367716937855, 0.7438361086905307 
0713, 17.586760892492414, 0.7953270149980108 
0714, 9.287371413318176, 0.6980225161196424 
0715, 14.964097435964367, 0.8525089159591159 
0716, 20.98184395357613, 0.9167685183980575 
0717, 17.11246722385711, 0.8638974983760984 
0718, 20.054073065593492, 0.8089504663580813 
0719, 20.766378422055016, 0.8300843320423854 
0720, 19.97551921225288, 0.8524131239001141 
0721, 16.027827359281225, 0.8370044708297778 
0722, 14.211695591102684, 0.8365829770755315 
0723, 15.439481249423146, 0.8607334938675771 
0724, 14.178354856301056, 0.8121492313512434 
0725, 17.589641705294117, 0.8541745961258904 
0726, 18.421740194186096, 0.9021460593782162 
0727, 10.29619197331934, 0.6511804846634435 
0728, 20.789069782366568, 0.8864165749000787 
0729, 21.89284124841447, 0.9344881350130808 
0730, 16.10401517070037, 0.8323688458234292 
0731, 19.50897587389536, 0.820004493578116 
0732, 12.103770127093885, 0.7353065584817994 
0733, 18.672226789719637, 0.8946061452113686 
0734, 19.81119349874244, 0.8575248822316888 
0735, 18.57397207024659, 0.8369614220584545 
0736, 14.179671900082159, 0.673811704707084 
0737, 20.08124064961003, 0.8844292309785838 
0738, 17.34086067851948, 0.8227150611635731 
0739, 16.865004590066274, 0.8018815963706282 
0740, 15.429065453041828, 0.7345864351020186 
0741, 15.419770420902609, 0.7005998292120689 
0742, 16.467097478193804, 0.774898843426615 
0743, 14.739386439453979, 0.725888303397511 
0744, 15.54817022957476, 0.7331400141513607 
0745, 22.219474124745695, 0.865752391203443 
0746, 17.34691973592556, 0.8369572375303417 
0747, 19.138611217355358, 0.856792186483771 
0748, 14.62158875229691, 0.7543311975972018 
0749, 19.011514914975514, 0.8550277449093109 
0750, 17.98927639620186, 0.855479765516551 
0751, 22.134960585514772, 0.9041615889161213 
0752, 17.55015891190174, 0.8261490674389154 
0753, 19.460409731156258, 0.8787177970035103 
0754, 17.282220306973137, 0.853933434213901 
0755, 17.31764563597746, 0.8848534199721696 
0756, 17.921995051034017, 0.848609843882767 
0757, 17.901093627053854, 0.8360538042104085 
0758, 15.283357250411404, 0.5806347885044548 
0759, 17.393840389254056, 0.8320881411861887 
0760, 17.68673950566337, 0.776963131921044 
0761, 21.512860113299645, 0.8684947408398399 
0762, 17.207474004156623, 0.8310236440074293 
0763, 19.642984068203805, 0.8697732283229985 
0764, 24.351259615153424, 0.8930155374440809 
0765, 20.9572146345144, 0.8369398583633871 
0766, 15.955298939528213, 0.7163870117166068 
0767, 16.591964467993353, 0.7974730036465082 
0768, 14.797602597485637, 0.7676627320213822 
0769, 20.382013919308598, 0.8492113283203694 
0770, 21.440558440935142, 0.8419741904576528 
0771, 17.063638561080303, 0.7551141192958045 
0772, 17.464835470819505, 0.8290602856349157 
0773, 18.531103253357422, 0.853754563797304 
0774, 17.000239824766265, 0.802351317246487 
0775, 17.158934567826503, 0.7947467101950311 
0776, 22.253075386317498, 0.8906008740652775 
0777, 16.27690056919604, 0.7919777637325641 
0778, 18.783512475283285, 0.7835423729356318 
0779, 17.668250821667716, 0.8212712942286066 
0780, 18.990822953606305, 0.8582033546508129 
0781, 19.27194553629445, 0.8491284455059884 
0782, 11.446175463592304, 0.7590210056668284 
0783, 16.612423034294334, 0.8207940962928401 
0784, 18.0885624583386, 0.8589840282534228 
0785, 14.947128759296422, 0.7733590138650944 
0786, 17.645361206089703, 0.8516822195344385 
0787, 18.778486536729094, 0.8783233170197837 
0788, 15.595751421930938, 0.7809927299207177 
0789, 18.13514191609152, 0.8586711400062127 
0790, 15.764571054574908, 0.8311226392933593 
0791, 17.764751208493387, 0.8009454107884714 
0792, 15.786266674422084, 0.828934890244526 
0793, 19.533413980387962, 0.8563170737218039 
0794, 13.518215346629079, 0.52257010189942 
0795, 13.214217279625526, 0.5668158791729304 
0796, 17.055257527896615, 0.7004152348974033 
0797, 17.090659533158885, 0.8125301630565452 
0798, 15.843698175132888, 0.766182721233163 
0799, 16.450672295064276, 0.8065009200320036 
0800, 15.406865242980325, 0.8296408343067897 
0801, 17.442668806025523, 0.8336711225709458 
0802, 14.695029840637662, 0.7587283193915653 
0803, 12.183731595602364, 0.6724947609323939 
0804, 18.716444278360203, 0.8137081952623982 
0805, 14.803273586352732, 0.768167007862107 
0806, 21.662722735297848, 0.874718149048275 
0807, 21.609692583018663, 0.8950281938232795 
0808, 21.01957862440784, 0.858949571502015 
0809, 14.510318327894826, 0.8042952864251315 
0810, 15.879178719641146, 0.8223813369999756 
0811, 15.463481022566443, 0.7760445446241504 
0812, 16.52523867439227, 0.8004667466961006 
0813, 21.397308265273438, 0.8652220335242187 
0814, 15.563152317626763, 0.8000015817912695 
0815, 17.369566989534874, 0.8416442475417464 
0816, 15.190725176928549, 0.790869513102472 
0817, 19.258666248649227, 0.8626835927281636 
0818, 15.419608767070068, 0.7851175749951027 
0819, 16.833137771854094, 0.8579370188985366 
0820, 13.513125853766212, 0.4318700784363738 
0821, 18.277808083578254, 0.8165960864891315 
0822, 16.415706229387418, 0.7973710512903387 
0823, 15.547074284221507, 0.6954784111749966 
0824, 14.787865119134459, 0.7137304582061695 
0825, 14.260969497670008, 0.6993534345838448 
0826, 7.82586204696475, 0.29365612788968865 
0827, 18.50207932237424, 0.7781843052925267 
0828, 16.13898800670952, 0.6636517415329029 
0829, 16.292133564291664, 0.8493752981650258 
0830, 17.613923907278583, 0.8360514718298618 
0831, 12.459734843608281, 0.6845425451059359 
0832, 17.402907690636916, 0.8332876242787549 
0833, 19.780085062322826, 0.8285564821152293 
0834, 16.05942060241043, 0.8192861514514025 
0835, 13.798395332100792, 0.7085011500793111 
0836, 21.463742283010916, 0.815874021728633 
0837, 14.084561488635583, 0.6488235979733775 
0838, 19.99793467319553, 0.8485379013768736 
0839, 21.83037342254977, 0.9112228260695612 
0840, 17.688438588677197, 0.8291349175677171 
0841, 19.919881739241887, 0.8575602614620571 
0842, 14.528365032859018, 0.7362794209304645 
0843, 21.964359322900865, 0.8993803779314838 
0844, 21.352324040104964, 0.86604604716877 
0845, 19.382485221940847, 0.8325225952594133 
0846, 12.343129681874078, 0.6745803979817367 
0847, 15.345548087101939, 0.7513151217622821 
0848, 15.98436212865139, 0.752980718064404 
0849, 18.894407644204264, 0.6926011593680093 
0850, 14.297382908536658, 0.5368712912898211 
0851, 14.038250319543895, 0.5846847159942729 
0852, 14.019702264910062, 0.7301899143973505 
0853, 15.297778114067409, 0.7435490323609525 
0854, 18.81029725748554, 0.8331775686075309 
0855, 20.162759640561163, 0.825976781248385 
0856, 21.397501487279843, 0.8618253135838603 
0857, 19.935597034493156, 0.8477866682856954 
0858, 17.65789284356576, 0.833241769373958 
0859, 18.966549125432927, 0.8620528142036266 
0860, 17.900917513529677, 0.8521379966591218 
0861, 20.831969595624482, 0.8861806616100608 
0862, 15.197734704133207, 0.7356336002858122 
0863, 13.316738583548538, 0.792084886165409 
0864, 15.259321977987632, 0.790337492367324 
0865, 18.29178991227312, 0.8431830761588447 
0866, 21.261733086761755, 0.8817884056382655 
0867, 19.765502382992747, 0.920089385805772 
0868, 14.612403225815731, 0.6847695518498539 
0869, 19.75827704721313, 0.8831487244771642 
0870, 22.550237996936158, 0.921819093661805 
0871, 16.206104859748322, 0.8463124806586081 
0872, 16.963124884136427, 0.874931694271587 
0873, 20.293010992650522, 0.8862278557950328 
0874, 18.258776675831975, 0.8890658073713683 
0875, 17.061080721791534, 0.8186405053421599 
0876, 19.82162584306775, 0.8955190649389139 
0877, 15.82859939952009, 0.7427986918603282 
0878, 16.28060982156, 0.7873263670010684 
0879, 13.663501144105396, 0.6996936019481627 
0880, 13.949436352577656, 0.5119067143143172 
0881, 12.955549945336575, 0.59893467608115 
0882, 11.598277091448406, 0.6465013092228097 
0883, 9.638025520141051, 0.3770754466692248 
0884, 13.993256323250382, 0.5937250737633 
0885, 13.42789327390471, 0.5052505445459431 
0886, 10.95255080931748, 0.5220343299529563 
0887, 15.966207345343015, 0.7808025471684555 
0888, 17.788367048756683, 0.8154406210610787 
0889, 15.494269822710134, 0.7432956228844371 
0890, 15.243968336620622, 0.8473102469929499 
0891, 15.15465444720235, 0.7943414903712048 
0892, 13.06631620065862, 0.8005282771720865 
0893, 16.108143648370362, 0.7790210935585121 
0894, 12.99589033883144, 0.6359782118318117 
0895, 15.01868716002049, 0.7531385461717642 
0896, 16.440225229376946, 0.6872665497345362 
0897, 18.113721945826395, 0.7903585430817444 
0898, 17.820402114853806, 0.8097409098732057 
0899, 16.99670678810287, 0.8212224340535919 
0900, 16.07898731376955, 0.7665956895471245 
0901, 17.11822476402281, 0.7677117278489489 
0902, 14.175650733019797, 0.7436683023428189 
0903, 16.794408552374055, 0.7239074965235498 
0904, 15.31691564020873, 0.7468303549612866 
0905, 16.002610065075878, 0.788336821536527 
0906, 14.990237623190609, 0.8356672422714301 
0907, 15.95351684644978, 0.8397619970108082 
0908, 10.236027160429018, 0.687334511228675 
0909, 12.104969634701092, 0.7094449347144808 
0910, 8.42605684333764, 0.5295214502387785 
0911, 10.415182853621147, 0.5765611998805951 
0912, 9.677981450660505, 0.6608394846308535 
0913, 14.954465374964148, 0.8360214822427608 
0914, 13.118491694605837, 0.7938811469243462 
0915, 11.448659526183107, 0.7158083281165366 
0916, 15.024729743716891, 0.6938111030282181 
0917, 11.778108927885697, 0.611966688329121 
0918, 12.771817037697403, 0.6756752761880082 
0919, 10.921035390593364, 0.6566815879571865 
0920, 10.67322889783525, 0.6720566548306574 
0921, 8.224458825929455, 0.47466740072353697 
0922, 17.238907345577562, 0.7982921880178372 
0923, 11.899776197009317, 0.7736980405581462 
0924, 15.178923343071958, 0.7945522717632642 
0925, 14.02194584935212, 0.7330791263259081 
0926, 20.29076755200995, 0.8750532693703539 
0927, 19.594971094132763, 0.7601672944420764 
0928, 15.300101090681029, 0.7499102726086636 
0929, 17.083678055874564, 0.8042855999443229 
0930, 15.241848429296219, 0.8137583053101428 
0931, 14.799930409299177, 0.7462939635547791 
0932, 20.73865600811963, 0.8495191626925777 
0933, 17.18912038407889, 0.7965791602550242 
0934, 19.84256509646755, 0.827076686451249 
0935, 18.89107870235481, 0.8601533087364794 
0936, 20.470918972611187, 0.8802246023254483 
0937, 17.083651864487372, 0.8378061202881438 
0938, 19.991574611648005, 0.8730144071262366 
0939, 21.865247930596023, 0.8719418363054176 
0940, 13.514352599702876, 0.6370222342689539 
0941, 14.538637074521588, 0.7391052572422421 
0942, 18.846584502003235, 0.8053422137796384 
0943, 13.39613472908672, 0.7373224306835674 
0944, 19.367787914629524, 0.8720764135570561 
0945, 17.247535521441606, 0.787064519065526 
0946, 21.33477614578384, 0.8882787869931893 
0947, 16.823537643814714, 0.7558335536621256 
0948, 14.112174625062936, 0.7579846918726014 
0949, 18.880936819953668, 0.8536208289689476 
0950, 21.64950800557486, 0.8901308637220988 
0951, 12.57303828529003, 0.6691768141733169 
0952, 13.56093918744149, 0.7003989992309835 
0953, 18.395361039838175, 0.8181634045580326 
0954, 15.800458451072263, 0.8287131406706815 
0955, 15.752258032299123, 0.7684142867077952 
0956, 16.761075500591204, 0.796781175793487 
0957, 13.321479126533497, 0.5308919266835896 
0958, 14.190048777600959, 0.6325924385755318 
0959, 11.528485842139878, 0.5109557491742219 
0960, 12.792662197035618, 0.7304323854155351 
0961, 11.096886312292973, 0.7456097908499828 
0962, 19.658919315584424, 0.8252695614179687 
0963, 16.480743874063158, 0.8380901300702228 
0964, 9.298188050216861, 0.539964759750745 
0965, 8.45431977266262, 0.5824658072901924 
0966, 10.190652686931546, 0.41107627559728327 
0967, 16.066899251829867, 0.8844868234843553 
0968, 19.906091675947838, 0.7652194200549357 
0969, 15.835341491302326, 0.8028468522282397 
0970, 18.292264982853347, 0.8464393052101316 
0971, 12.28253618439971, 0.7239693607947969 
0972, 10.601147182743881, 0.5460094243602881 
0973, 13.783645606385095, 0.7270846801951462 
0974, 20.700199602430406, 0.8758769738477973 
0975, 20.02182358812194, 0.8456332834474578 
0976, 20.016873337653884, 0.831500813028477 
0977, 19.61007703565429, 0.8643657546206579 
0978, 14.46390326139583, 0.7754380437437876 
0979, 19.348493218316698, 0.8673140701800574 
0980, 18.80283620722843, 0.8092419003159331 
0981, 16.770642219864385, 0.8038435476079574 
0982, 17.381142292523005, 0.8225590779501221 
0983, 21.37856494372613, 0.8564037737908711 
0984, 20.86941147396236, 0.8907063378428162 
0985, 16.932819712651717, 0.8084202411398986 
0986, 19.35203474732142, 0.8348165875538421 
0987, 19.157548324963468, 0.8426562924725314 
0988, 18.79619563037014, 0.7888642210401926 
0989, 20.907310115411278, 0.8686401588604112 
0990, 20.35398884852793, 0.7521465088367156 
0991, 18.767533928904882, 0.7779787508344596 
0992, 19.149215687663805, 0.7782389525353627 
0993, 10.325009509442204, 0.5239498867267518 
0994, 14.586432723752248, 0.6132181385537036 
0995, 15.998203435972496, 0.7005924654038597 
0996, 20.373367934922534, 0.8344304084504949 
0997, 20.61439917225843, 0.8799802205386245 
0998, 20.004589877556445, 0.8730370893760373 
0999, 21.99680664021908, 0.8732505157105823 
1000, 12.994830068337922, 0.7323876826243031 
1001, 19.734451909906173, 0.8957080380768173 
1002, 21.050537466895545, 0.9110276213397102 
1003, 19.240473509262223, 0.8887364277048757 
1004, 15.105386378782068, 0.7120806142396382 
1005, 19.587661074636358, 0.8481127482436253 
1006, 14.356633018790909, 0.8146789895346197 
1007, 17.92984180845188, 0.8262734507618287 
1008, 20.217759405969478, 0.851031873713524 
1009, 17.43315630937092, 0.7505228413505596 
1010, 17.11889368427525, 0.7986843508882683 
1011, 19.613074949660554, 0.874597188789281 
1012, 14.7955106827756, 0.7440797361452457 
1013, 17.24222371906378, 0.7656668276571444 
1014, 14.329926622665576, 0.6234663249782126 
1015, 14.323725324788619, 0.6208027152361256 
1016, 12.155631322643444, 0.653074077444192 
1017, 16.60476948304334, 0.8349715006790057 
1018, 18.493982944061525, 0.8837991295787306 
1019, 19.50477514428451, 0.8862131463131405 
1020, 12.910623360322164, 0.6478977624082741 
1021, 15.996426247132952, 0.6477056325131704 
1022, 15.90604674923011, 0.6355434553510093 
1023, 20.520388120492026, 0.7224641284773959 
1024, 19.844597615736546, 0.7297370962368416 
1025, 18.51844951263197, 0.7472813642578938 
1026, 17.787167064516666, 0.8082312909520568 
1027, 17.583712769120893, 0.8562604464783169 
1028, 18.08716275800075, 0.8324950163961349 
1029, 20.738953966970776, 0.8825363740858018 
1030, 19.40453806861169, 0.8953583540469254 
1031, 20.890516081240644, 0.8736710205458752 
1032, 18.104758258496958, 0.8593259833081944 
1033, 16.538105028390078, 0.8705236952499629 
1034, 13.407609495788044, 0.655679162675379 
1035, 21.52808034965155, 0.8065667398351022 
1036, 20.84797464638264, 0.8168262319298641 
1037, 19.880496971563378, 0.8089626732705023 
1038, 19.172782685690663, 0.82948129612915 
1039, 9.025771422492575, 0.28370063994056016 
1040, 10.302338755988316, 0.5270858079763625 
1041, 8.679789228028321, 0.4030324071318005 
1042, 15.520157920667392, 0.5265565079496767 
1043, 22.313974774257584, 0.8319179489328433 
1044, 19.087202062787075, 0.856890598560356 
1045, 13.7055784661025, 0.8260929639252971 
1046, 13.610513707446865, 0.8135144868653427 
1047, 15.406847499605032, 0.7362690223751915 
1048, 14.313094148942916, 0.6886879990472264 
1049, 16.314256096937545, 0.7256185327457784 
1050, 19.74178870287899, 0.8423459127699185 
1051, 20.234145126080033, 0.8209619061203975 
1052, 13.164380454759204, 0.7636086592209114 
1053, 14.549498704357806, 0.7744245702431307 
1054, 19.280721387676817, 0.8433376484802948 
1055, 19.848182254046883, 0.8553819654169348 
1056, 18.2341125982986, 0.8085552983067058 
1057, 21.17052103053065, 0.8854329300416163 
1058, 18.442898473454903, 0.819626227313285 
1059, 21.69007496736579, 0.895290714398438 
1060, 18.207689069458635, 0.820262460135145 
1061, 8.206909908041025, 0.6141019006065461 
1062, 12.05136984238003, 0.6793424213974197 
1063, 15.837683883653188, 0.786728300839747 
1064, 12.126463761946678, 0.779873233498265 
1065, 15.7224912429988, 0.7994403676572605 
1066, 15.18699999040466, 0.8124630826214987 
1067, 13.00931305402692, 0.7741982400537825 
1068, 19.76174625250255, 0.880312548008115 
1069, 11.879638862134625, 0.5340048724121178 
1070, 17.84131771609591, 0.6900410212890403 
1071, 11.208239051590665, 0.4952177026736359 
1072, 18.826342274925686, 0.8291463681458698 
1073, 18.632455485024927, 0.8359723718153645 
1074, 19.49045578667797, 0.8409605815616494 
1075, 18.450047196517342, 0.8048781092852617 
1076, 16.033888432164318, 0.7422893418434078 
1077, 17.0756308503826, 0.8006611274037988 
1078, 16.686912461076457, 0.7933037185192696 
1079, 19.410399170391837, 0.8484199554079234 
1080, 17.12482435524054, 0.803127843572021 
1081, 18.85763524742384, 0.8525333873460258 
1082, 22.045685604709426, 0.8966220524155069 
1083, 19.14783784828311, 0.8063978157984879 
1084, 14.82965335293911, 0.5913224382663594 
1085, 10.547044849438766, 0.5524063078681425 
1086, 17.788195080127377, 0.7867787271722451 
1087, 11.855407254830554, 0.45735609188832 
1088, 11.382649563858415, 0.4935549621272039 
1089, 12.608795651207513, 0.4355753328818035 
1090, 18.05162447842074, 0.7710530571850454 
1091, 19.71679126343852, 0.8091840638187318 
1092, 10.667447143386642, 0.6702281761925913 
1093, 12.15595437327541, 0.46658014940884646 
1094, 10.211176279930605, 0.432275376708154 
1095, 9.541379114151331, 0.5073758504309821 
1096, 16.738664684723236, 0.7598941580830588 
1097, 22.105505842361556, 0.8898766789026107 
1098, 21.006116541836217, 0.8873166362381623 
1099, 13.930496628454057, 0.8149624917834085 
1100, 13.097132237366436, 0.7902273972906683 
1101, 14.499846435083645, 0.8007660474865482 
1102, 14.337329353063076, 0.6830155868019286 
1103, 16.983751253567462, 0.7745148619617995 
1104, 18.552207025436736, 0.849981574886043 
1105, 14.084047067223919, 0.7375447279241788 
1106, 18.72389015090988, 0.8052692041446674 
1107, 19.744043059009353, 0.7973565299539533 
1108, 15.373876817529888, 0.7797954458119829 
1109, 20.386513382566797, 0.8239424557984419 
1110, 21.961007650323992, 0.8566072879596159 
1111, 18.7179837192017, 0.8733344110138037 
1112, 13.8591124160405, 0.7609268745578653 
1113, 20.56940277489913, 0.761956207367772 
1114, 15.605653088661063, 0.7251728509368655 
1115, 12.824775678056739, 0.5528266872174256 
1116, 17.47056057136057, 0.8236161991158742 
1117, 15.025880963437416, 0.7277084681890683 
1118, 17.06776706613697, 0.8043332591897521 
1119, 8.578043786583088, 0.44504919285607575 
1120, 8.777687344877158, 0.31397694441723273 
1121, 13.652519554648936, 0.4231704408003492 
1122, 10.95221520057801, 0.6384440986041028 
1123, 10.545058832498864, 0.5244402891849959 
1124, 9.148070342854034, 0.46152570414860294 
1125, 13.135617394891234, 0.6913906864589353 
1126, 16.989937656974426, 0.8274820556388276 
1127, 14.815627874637505, 0.7630742649930949 
1128, 8.217720326404777, 0.4711997439070082 
1129, 8.686767695493382, 0.4625906848330321 
1130, 6.680140089247493, 0.4825766282408012 
1131, 8.800861445450584, 0.4823737833316697 
1132, 10.285736422755907, 0.6684820957968478 
1133, 11.81080577861943, 0.5150718938677046 
1134, 11.667972742616449, 0.5784362066915901 
1135, 8.967454262800004, 0.4316422401824403 
1136, 18.996757692608586, 0.8765312347236526 
1137, 18.67048671942697, 0.8455697798004036 
1138, 16.787929972694677, 0.849247367173656 
1139, 17.872551374118608, 0.8497173970173262 
1140, 14.793151866976261, 0.7092648430184564 
1141, 17.779110640716368, 0.7843906083883524 
1142, 13.28274746020124, 0.6987697265356321 
1143, 15.04531685853533, 0.7227953334612311 
1144, 16.386805441648544, 0.7932837291026962 
1145, 15.02085184889269, 0.815626177081093 
1146, 19.601394592821105, 0.8259898615053537 
1147, 22.06007935669544, 0.8608647028522736 
1148, 14.706467680391324, 0.3439198465924869 
1149, 22.81656124929868, 0.9047520093793753 
1150, 20.300636587730313, 0.8243698320480393 
1151, 19.39291492429316, 0.8277150721814704 
1152, 12.068805267591573, 0.7492014551107373 
1153, 18.06091385613123, 0.709173977982546 
1154, 9.14868979818207, 0.4592013221722584 
1155, 14.636115856144032, 0.5777517037133458 
1156, 20.479538488329787, 0.7844883341877069 
1157, 17.3310253956714, 0.7244964324779607 
1158, 18.756701818641204, 0.7822917105787172 
1159, 22.13716132439523, 0.8656354955664466 
1160, 20.507724804536856, 0.7854659844874058 
1161, 14.845990255473735, 0.7485380909958308 
1162, 20.436895897927254, 0.855796086995304 
1163, 16.17521537471596, 0.8676513425708837 
1164, 18.524648749605323, 0.7453323699497642 
1165, 16.57287291052475, 0.7414884335224153 
1166, 10.472212319102638, 0.5284489165009226 
1167, 8.821712016594418, 0.5827821116037502 
1168, 10.862455580774046, 0.5805132456097605 
1169, 12.603816884948486, 0.6094865722928368 
1170, 15.652526840425669, 0.7365103493402457 
1171, 19.815499616178766, 0.8286017064124181 
1172, 18.315580733068966, 0.8229937793838084 
1173, 18.507193888832923, 0.7837608758931216 
1174, 17.433462342090227, 0.6441140519220862 
1175, 17.73374100770363, 0.8077865301190207 
1176, 11.111085540567352, 0.6871643524325991 
1177, 16.013476207097344, 0.7714313466837336 
1178, 14.33376046323093, 0.7058361308059818 
1179, 11.939433480744107, 0.4766876861505027 
1180, 19.81201998173149, 0.8602654066500551 
1181, 18.116446838377303, 0.8129240998664851 
1182, 11.722036865692322, 0.6775205991948671 
1183, 15.431407019733134, 0.8464054256758716 
1184, 20.518635063196452, 0.828557562026144 
1185, 15.45491581487845, 0.7487776027664289 
1186, 18.492643681011334, 0.8454256816097492 
1187, 20.933524812220703, 0.8639383490952434 
1188, 16.826562268415447, 0.7900923507382892 
1189, 19.901176157150196, 0.8682112507400838 
1190, 17.810296145748076, 0.8356430690022246 
1191, 13.103029629682508, 0.66904861991963 
1192, 8.064227590719444, 0.4708558044627102 
1193, 17.447515365307, 0.7538972622346961 
1194, 13.391520032148069, 0.5790354529336662 
1195, 15.098501278271963, 0.6238159481775496 
1196, 12.403235085584729, 0.4860118381416245 
1197, 17.296204218918096, 0.7167707429519652 
1198, 17.686866779717807, 0.8194329774246024 
1199, 16.957524847269095, 0.8109507464895672 
1200, 13.376309235749327, 0.7163273318588973 
1201, 20.534329886951532, 0.8610632691158503 
1202, 17.9593659093605, 0.8091968980382692 
1203, 14.65983079840607, 0.7592878153564145 
1204, 16.362448675089787, 0.6921687698659702 
1205, 20.54662797078962, 0.8548393294895265 
1206, 19.138093685640996, 0.8547699874778107 
1207, 16.72503873380691, 0.8137840973104894 
1208, 14.916218511642503, 0.7394974287449224 
1209, 19.589455654428203, 0.8101988600326658 
1210, 20.04433841409795, 0.7979180637937667 
1211, 15.444820115528103, 0.7297118676474997 
1212, 14.411486716840772, 0.7480637563310282 
1213, 15.450062006742124, 0.7337401380940713 
1214, 19.43768359705422, 0.8314247457269657 
1215, 18.06860474713353, 0.8602967544783992 
1216, 20.27770939077905, 0.852569145435704 
1217, 20.96360664206702, 0.8493869079472479 
1218, 17.36954244548516, 0.8231532035673422 
1219, 18.02602394867192, 0.8349522859203936 
1220, 20.447150227860877, 0.8613675794569232 
1221, 16.911275590084024, 0.7437548941776235 
1222, 20.83916531403962, 0.8131329478564512 
1223, 17.948351627464668, 0.7961272325227146 
1224, 14.981674665937534, 0.7546905421183006 
1225, 12.904506362590883, 0.3947838412798666 
1226, 17.07799271120543, 0.6264923220520593 
1227, 13.724377822428337, 0.5610335753548564 
1228, 14.124946285862183, 0.582211296701617 
1229, 10.155584966121937, 0.44696906174048134 
1230, 12.176611642932308, 0.37884300825342665 
1231, 14.26345948476494, 0.4495879320448341 
1232, 15.588358646968052, 0.6208722459354314 
1233, 13.600730204401884, 0.48769219548780324 
1234, 16.039958835669037, 0.7014205536808471 
1235, 19.296568571881984, 0.822295035420532 
1236, 18.272209068204525, 0.8157286101321471 
1237, 14.997953890235802, 0.7525067403456287 
1238, 14.158229529965237, 0.7080703381334646 
1239, 16.781906454842773, 0.708084508510262 
1240, 15.692368118956947, 0.761608425663817 
1241, 17.911206060670374, 0.8512719919872741 
1242, 18.012205935836043, 0.8370946910606931 
1243, 17.419459370925967, 0.8305509303831299 
1244, 18.85398323343063, 0.8460995340388454 
1245, 17.347449166501452, 0.8314351579504399 
1246, 19.31181657265226, 0.8843801137850088 
1247, 15.179215466915888, 0.813513500213832 
1248, 16.772322898792243, 0.7732381362239217 
1249, 20.851758940689354, 0.8704772270438094 
1250, 15.324833237713003, 0.7691555654076057 
1251, 18.231839137922613, 0.8254614821549847 
1252, 17.651219549179757, 0.8054103239157819 
1253, 16.48322691452089, 0.788067772378863 
1254, 18.57695230110803, 0.8431384916367297 
1255, 18.420974010840197, 0.8406914151667902 
1256, 15.614329322862222, 0.7467877976953187 
1257, 15.00404650087389, 0.7360673438190514 
1258, 18.142486798698723, 0.847626070621434 
1259, 13.634126143650294, 0.7741029857595952 
1260, 15.783737963199522, 0.7954516501016049 
1261, 21.505464145241, 0.879374723868224 
1262, 18.73609669470253, 0.852522132759202 
1263, 20.21615588780182, 0.8481500695417706 
1264, 20.878094145064495, 0.8737982271904934 
1265, 10.962811425978538, 0.5738193002746149 
1266, 17.616438974388974, 0.759836207148694 
1267, 16.90283627634, 0.7269262601894818 
1268, 19.843916606317276, 0.7662536571103735 
1269, 20.854693790368373, 0.7997387534949613 
1270, 14.273444229973782, 0.8166855803008858 
1271, 18.47100787134574, 0.8853550812272287 
1272, 17.431089140535786, 0.8726617346191267 
1273, 23.20698105952481, 0.9212557543968444 
1274, 17.88832097566029, 0.8171543668667471 
1275, 17.39079273025608, 0.8058924977254728 
1276, 19.007370568963072, 0.8165661101640597 
1277, 14.318960610197966, 0.8172660262555516 
1278, 17.88303413843859, 0.8182435135003376 
1279, 22.15847372902832, 0.8766568562816218 
1280, 12.192921324891511, 0.509530393142852 
1281, 12.862748361516722, 0.46734740016106224 
1282, 11.458632029728697, 0.539056714185902 
1283, 14.143854253803214, 0.5589910058229343 
1284, 15.953921956671717, 0.816988117222382 
1285, 21.623762899795935, 0.874737638662373 
1286, 18.58087025725529, 0.8960853769501945 
1287, 17.42416838694909, 0.8135275133931161 
1288, 15.329940897118885, 0.6781820744660442 
1289, 16.133139452403203, 0.788153568910797 
1290, 20.81009761770059, 0.8677120576554396 
1291, 16.08722946615227, 0.7444012927267597 
1292, 17.65977618558484, 0.7758350697896729 
1293, 18.658765837601056, 0.7772822461002674 
1294, 20.55264250484293, 0.8726130413464827 
1295, 21.70327119499393, 0.8767076939970454 
1296, 21.706800504357577, 0.8501214646264064 
1297, 20.728369020047026, 0.8460064811870852 
1298, 20.162990263019687, 0.8438781517048835 
1299, 16.642785380324966, 0.7460222915456928 
1300, 22.217790261002524, 0.8906588839403273 
1301, 18.623647270166234, 0.8169012575873186 
1302, 19.09123577695896, 0.8495699494164471 
1303, 18.54296623886881, 0.882808441142949 
1304, 20.792662405638044, 0.9075023948575245 
1305, 14.317478926124794, 0.7305766323293489 
1306, 22.6252467977474, 0.914988232619271 
1307, 10.95025141958149, 0.495129107683491 
1308, 9.31254870158622, 0.4304272966863258 
1309, 13.096256587944383, 0.5070345258825998 
1310, 15.69583005584537, 0.621640346047953 
1311, 22.855488703938633, 0.8808413784014495 
1312, 21.014832460220887, 0.8822053653030181 
1313, 18.529888899204234, 0.7848064603485145 
1314, 15.840036416800015, 0.8129701022116533 
1315, 14.9673974647425, 0.7454057600878677 
1316, 15.91550025461059, 0.6705226013986603 
1317, 14.764046824062152, 0.5996173643694828 
1318, 18.345696975201605, 0.6598170043000192 
1319, 18.121873365139244, 0.8107355449206187 
1320, 18.934687842929065, 0.7763711036990228 
1321, 20.792414637273872, 0.8952002719895935 
1322, 17.97243349563931, 0.79333210771089 
1323, 14.359849299584479, 0.7052844543068656 
1324, 12.08516071202499, 0.6874896050193225 
1325, 11.592369161210325, 0.6170344177985858 
1326, 21.889672106572327, 0.8671033549457715 
1327, 18.63098663355194, 0.8433007326263201 
1328, 15.63356440537299, 0.6924394538539614 
1329, 20.994386708248722, 0.7910712694527664 
1330, 19.008047064734917, 0.8334571475555629 
1331, 19.67742061402238, 0.8269769819126439 
1332, 19.747075248563082, 0.8226125329628132 
1333, 20.503325931427625, 0.8066252039651296 
1334, 19.989144492409, 0.8209195308943276 
1335, 16.01168230368193, 0.7621786979587295 
1336, 17.859429436645783, 0.8583819028727696 
1337, 19.32575585878081, 0.8575023283745088 
1338, 16.729421043658704, 0.8574081508618042 
1339, 17.559890533623555, 0.8602354363118446 
1340, 18.664236325049284, 0.8108001747802551 
1341, 15.335772036410663, 0.741900946397303 
1342, 17.179252604118634, 0.7918498102621009 
1343, 17.778865257746293, 0.817533365890665 
1344, 13.561481149661425, 0.7913222209216747 
1345, 19.831485526256042, 0.8687731959717574 
1346, 15.974894148024813, 0.8004509328136494 
1347, 16.481155512979303, 0.8391458797947551 
1348, 19.832411841416548, 0.8669342586045105 
1349, 12.652185927074871, 0.682113095881158 
1350, 18.09913109226772, 0.8503748671686108 
1351, 17.307576201092438, 0.8438698477296841 
1352, 15.292719127815014, 0.7870474033616276 
1353, 15.171083320013313, 0.743977683507209 
1354, 11.020532643682856, 0.5836792656631364 
1355, 12.829582208353639, 0.6681727313030202 
1356, 18.090240549798335, 0.768500133026374 
1357, 18.52965910113391, 0.8179504128269284 
1358, 18.393948083837564, 0.8872648032371164 
1359, 19.929367887193237, 0.8703004478294 
1360, 18.71874283211157, 0.8456993700808225 
1361, 18.315974251353417, 0.8316666753158238 
1362, 13.645972149771005, 0.814896497608697 
1363, 15.296464333541897, 0.6867854239712977 
1364, 14.895286906571474, 0.7021817545742671 
1365, 22.135485572800523, 0.9179727180843628 
1366, 19.993772363345464, 0.8418344868412208 
1367, 19.73547122372192, 0.8685342155448349 
1368, 20.238567896837843, 0.8612842612130955 
1369, 19.070689610429632, 0.8169046770970914 
1370, 17.997159494904746, 0.8285889593936123 
1371, 19.279164827634673, 0.8298056083359237 
1372, 16.026659418902497, 0.7051137171765262 
1373, 18.0330656823643, 0.7609012410407785 
1374, 20.700963499381217, 0.877447998742 
1375, 13.780348067868115, 0.6276905121916864 
1376, 15.603974611489468, 0.6409879394782183 
1377, 13.006781705494594, 0.8033154275546318 
1378, 17.386893431158246, 0.7855697604284061 
1379, 15.078144758138905, 0.7236578820821146 
1380, 21.030315944481934, 0.8534587136034048 
1381, 18.713055028053866, 0.8660016549207455 
1382, 22.423612940616486, 0.8743433931776408 
1383, 19.16235436323439, 0.854967534707173 
1384, 18.18283489585933, 0.8519353141706114 
1385, 18.467943214247057, 0.8472857447827681 
1386, 14.913445704255249, 0.7865457253243694 
1387, 20.84226561384535, 0.8719055585074056 
1388, 15.173265939306898, 0.8003333053545171 
1389, 15.648556668368169, 0.8304156267599208 
1390, 16.85305932350439, 0.7292197818665658 
1391, 20.3000206147669, 0.8672290234721743 
1392, 19.383540070211897, 0.817201449297467 
1393, 18.80009252595528, 0.8440006246647749 
1394, 14.868874166019419, 0.7741900165295107 
1395, 15.195317872679512, 0.7775627488525716 
1396, 16.762606963499184, 0.7567799391266425 
1397, 11.400588009074749, 0.5801195874388096 
1398, 16.312030763309973, 0.7346258180534287 
1399, 13.909712948853182, 0.7657830769564643 
1400, 17.861000927809933, 0.7645638039623531 
1401, 18.419078677028374, 0.7096685370103182 
1402, 16.7110016560408, 0.6938273895199444 
1403, 19.301026630071636, 0.8501734596289751 
1404, 19.37778446103123, 0.8401345386496516 
1405, 17.586048236310244, 0.8191788343375498 
1406, 17.93259741859016, 0.8653753040970636 
1407, 18.82903600106873, 0.8957981464962624 
1408, 18.09597755299565, 0.8531924386137416 
1409, 18.62473999761382, 0.8813079615683858 
1410, 22.07282617902969, 0.8412754287193702 
1411, 15.305787490839995, 0.7801191315007056 
1412, 16.512450454305977, 0.7796971251827575 
1413, 16.798674887324903, 0.8068670880272899 
1414, 19.772376380791393, 0.837053386227926 
1415, 16.138149383931307, 0.8468086071858564 
1416, 17.514032841762194, 0.8174719229938033 
1417, 17.774331570048236, 0.8205872147998016 
1418, 17.827675206339585, 0.8361396655885525 
1419, 17.808318693376243, 0.8280297927861633 
1420, 17.314458801205298, 0.8104755424795232 
1421, 16.783725232336117, 0.6806759581010958 
1422, 14.345183004616548, 0.6488270580772503 
1423, 16.61409890739741, 0.746557353600827 
1424, 15.513390339162873, 0.7311959261180556 
1425, 15.602499529432093, 0.727340251439012 
1426, 17.340959259016927, 0.7580100817730783 
1427, 13.556244627205999, 0.7152239277212694 
1428, 14.065157277681237, 0.6296118556514081 
1429, 15.023074066733725, 0.5772246660225943 
1430, 14.621747670306352, 0.6233623749136855 
1431, 16.30138758717738, 0.6334237592528481 
1432, 17.81352283614461, 0.7018944860195403 
1433, 18.44551407127507, 0.8494782449188695 
1434, 16.06225654376673, 0.7853773835564387 
1435, 20.31031362733482, 0.8519263988837972 
1436, 16.318936489480738, 0.7792440969586355 
1437, 16.446773773339864, 0.7557821655450194 
1438, 16.466482037260242, 0.8560860481966849 
1439, 17.141960966258658, 0.8249383855161779 
1440, 16.47657407366927, 0.7459885422967268 
1441, 12.915864090627249, 0.6673365376478507 
1442, 17.48351779417822, 0.766185554787529 
1443, 17.141923655192024, 0.6796966896614607 
1444, 16.564256339983245, 0.7708178914276834 
1445, 14.459808127444806, 0.7053467547398848 
1446, 16.133977317442504, 0.7131929553925355 
1447, 16.24058345532641, 0.7285391351042771 
1448, 16.418478010885163, 0.755735011122003 
Average, 16.927099506036928, 0.7709622889501065 
